text,label
Cancel subscription,NONE
"No, I don't want to subscribe to the newsletter",NONE
Only 2 left in stock!,FALSE_URGENCY
"No, I'd rather risk it.",CONFIRM_SHAMING
Don't wait - this offer won't come back,FALSE_URGENCY
Only 2 items left at this price,FALSE_URGENCY
"No thanks, I don't want glowing skin",CONFIRM_SHAMING
Sold by Acme Retail,NONE
You have 10 minutes to complete your order,FALSE_URGENCY
"No, go back.",NONE
Learn more,NONE
Final hours - prices go up at midnight,FALSE_URGENCY
Estimated delivery: 12 Oct,NONE
"No, my privacy isn't important to me.",CONFIRM_SHAMING
"No, I'd rather pay later.",NONE
Delivery takes 2 days.,NONE
Contact us for bulk orders,NONE
"No, I'm happy to leave my device unprotected",CONFIRM_SHAMING
Customers also viewed,NONE
"No, I'm happy to pay more.",CONFIRM_SHAMING
Weekend sale: final few hours remaining,FALSE_URGENCY
Only 18+ may purchase this item,NONE
Last chance to claim this offer,FALSE_URGENCY
Product weight: 250 g,NONE
Time is running out!,FALSE_URGENCY
This deal ends today,FALSE_URGENCY
Protect your account with two-factor authentication.,NONE
Save changes,NONE
Price drops back to normal in 14:59,FALSE_URGENCY
I agree to the terms,NONE
"No, I'd rather stay broke.",CONFIRM_SHAMING
Hurry! Your reserved discount expires soon,FALSE_URGENCY
"No, I enjoy wasting money.",CONFIRM_SHAMING
"No, I'll risk losing my data.",CONFIRM_SHAMING
"No thanks, I'm not a fan of member-only prices",CONFIRM_SHAMING
Free delivery available.,NONE
Save this address,NONE
TOTAL ₹967,NONE
Today only! Free gift with every order,FALSE_URGENCY
"No thanks, I'd rather my order be unprotected.",CONFIRM_SHAMING
Complete your purchase now to lock in this price,FALSE_URGENCY
"No, use the standard delivery option",NONE
"No, I don't want to be a smart shopper.",CONFIRM_SHAMING
The warranty lasts 2 years,NONE
Only 6 tickets left for this show,FALSE_URGENCY
"No thanks, I prefer to miss out.",CONFIRM_SHAMING
"No, I don't need a gift receipt",NONE
Last 2 rooms available at this price,FALSE_URGENCY
Our store opens at 09:00,NONE
Others are about to buy this - don't wait,FALSE_URGENCY
"No thanks, I don't want to be a VIP",CONFIRM_SHAMING
Offer applies to orders above ₹999.,NONE
Valid from 1 to 31 October 2026,NONE
Limited time offer: 50% off today only,FALSE_URGENCY
"No, I don't want to save money.",CONFIRM_SHAMING
Only one size is currently available,NONE
12 people are viewing this right now,FALSE_URGENCY
No cost EMI available on select cards,NONE
"No, I'll stick with paying more than everyone else",CONFIRM_SHAMING
Selling fast - almost gone!,FALSE_URGENCY
Decline,NONE
Almost sold out!,FALSE_URGENCY
Out of stock - notify me when available,NONE
Don't let this deal slip away,FALSE_URGENCY
Only 4 left - order soon,FALSE_URGENCY
I don't want to protect my purchase,CONFIRM_SHAMING
"No, I don't want exclusive rewards.",CONFIRM_SHAMING
"No, I prefer the expensive option.",CONFIRM_SHAMING
Flash sale ends in 2 hours,FALSE_URGENCY
Maximum 2 units per order,NONE
"No, I don't mind paying more for shipping",CONFIRM_SHAMING
"No, I'm fine being left behind.",CONFIRM_SHAMING
"No, I don't want my wedding to be perfect.",CONFIRM_SHAMING
I'd rather pay more.,CONFIRM_SHAMING
Prices increase in 00:45:12,FALSE_URGENCY
"No, I like losing out on savings.",CONFIRM_SHAMING
Only 5 minutes remaining,FALSE_URGENCY
"No thanks, I prefer paying full price.",CONFIRM_SHAMING
"No, keep my current plan",NONE
The sale starts on 1 November,NONE
Only a few items left,FALSE_URGENCY
"No, I'm not that serious about my fitness",CONFIRM_SHAMING
"No thanks, I don't care about fast delivery",CONFIRM_SHAMING
Few left! Order today,FALSE_URGENCY
Remove from cart,NONE
Grab it before it's gone forever,FALSE_URGENCY
"No, I don't care about my health.",CONFIRM_SHAMING
"No, thank you",NONE
"Hurry, stocks are limited!",FALSE_URGENCY
"No, I don't want to be healthy.",CONFIRM_SHAMING
"No, I'm not into saving money.",CONFIRM_SHAMING
"No thanks, I'm not interested in saving money.",CONFIRM_SHAMING
Add ₹50 donation,NONE
Your cart will expire in 05:00 minutes,FALSE_URGENCY
"No, I don't want to protect my family.",CONFIRM_SHAMING
Only 10 minutes remaining!,FALSE_URGENCY
"No, I like being overcharged.",CONFIRM_SHAMING
Limited warranty: 1 year.,NONE
"No thanks, I hate saving money.",CONFIRM_SHAMING
I don't want the discount.,CONFIRM_SHAMING
"No thanks, I don't need to feel secure.",CONFIRM_SHAMING
"No thanks, I already have insurance.",NONE
Save for later,NONE
Buy now before the price goes up,FALSE_URGENCY
Skip this step,NONE
Only available in black.,NONE
"No, I don't need to look after my pet's health",CONFIRM_SHAMING
"No, I'd rather not get the best price",CONFIRM_SHAMING
"No thanks, I'm fine with higher prices.",CONFIRM_SHAMING
Skip for now,NONE
Battery lasts up to 30 hours,NONE
"No thanks, I enjoy missing out on bonuses.",CONFIRM_SHAMING
"No thanks, I'll pay full price like everyone else.",CONFIRM_SHAMING
Skip the tutorial,NONE
Act now before it's too late!,FALSE_URGENCY
"No, I don't care if my package gets lost",CONFIRM_SHAMING
This product is available.,NONE
Save my card for next time,NONE
"Act fast, limited slots remaining",FALSE_URGENCY
Thanks for your order!,NONE
Offer expires today,FALSE_URGENCY
"No, I don't want to receive offers by email.",NONE
Offer ends in 08:32,FALSE_URGENCY
"Book now, this price won't last",FALSE_URGENCY
Last name,NONE
"No thanks, I don't want to protect my purchase.",CONFIRM_SHAMING
"Reviews (1,240)",NONE
"No thanks, I don't want to save money",CONFIRM_SHAMING
Platform fee ₹49,NONE
Buy our headphones.,NONE
Not now,NONE
Only 5 minutes left to claim your discount,FALSE_URGENCY
"No thanks, I'd rather not look after my skin.",CONFIRM_SHAMING
Seats going quickly for your selected date,FALSE_URGENCY
Last day of the sale!,FALSE_URGENCY
Last unit in stock - buy it before it sells out,FALSE_URGENCY
84% OFF,NONE
Handling fee ₹20,NONE
"Hurry, the clock is ticking",FALSE_URGENCY
Our customer service is open until 18:00,NONE
Pre-order now,NONE
"No, I prefer paying full price",CONFIRM_SHAMING
Last chance! Cart reserved for 3:00 minutes,FALSE_URGENCY
Delivery ₹99,NONE
Deal of the day ends in 01:12:45,FALSE_URGENCY
Left side pocket with zip,NONE
Only genuine products sold here,NONE
Remember me,NONE
"Hurry up, this offer disappears soon",FALSE_URGENCY
"No, I'm the kind of person who ignores a good deal",CONFIRM_SHAMING
"Hurry, this deal ends tonight",FALSE_URGENCY
"Maybe later, I prefer losing out on savings.",CONFIRM_SHAMING
Maybe later,NONE
Limited-time deal ending soon,FALSE_URGENCY
Countdown: sale ends in 03:21:09,FALSE_URGENCY
In high demand - 3 left at this price,FALSE_URGENCY
"No, cancel my order.",NONE
New arrivals,NONE
This product has good reviews.,NONE
"No, I'm fine with missing out on free gifts",CONFIRM_SHAMING
Terms and conditions apply,NONE
Continue without offer,NONE
Only 2 rooms left on our site!,FALSE_URGENCY
Just 3 left in your size - order before they're gone,FALSE_URGENCY
Available in 3 colours,NONE
